Station ID,Complex ID,GTFS Stop ID,Division,Line,Stop Name,Borough,Daytime Routes,Structure,GTFS Latitude,GTFS Longitude,zipcode
0,1,1,R01,BMT,Astoria,Astoria - Ditmars Blvd,Q,N W,Elevated,40.775036,-73.91203399999999,11105
1,2,2,R03,BMT,Astoria,Astoria Blvd,Q,N W,Elevated,40.770258,-73.917843,11102
2,3,3,R04,BMT,Astoria,30 Av,Q,N W,Elevated,40.766779,-73.921479,11102
3,4,4,R05,BMT,Astoria,Broadway,Q,N W,Elevated,40.76182,-73.925508,11106
4,5,5,R06,BMT,Astoria,36 Av,Q,N W,Elevated,40.756803999999995,-73.929575,11106
5,6,6,R08,BMT,Astoria,39 Av,Q,N W,Elevated,40.752882,-73.932755,11101
6,7,613,R11,BMT,Astoria,Lexington Av/59 St,M,N W R,Subway,40.76266,-73.967258,10065
7,8,8,R13,BMT,Astoria,5 Av/59 St,M,N W R,Subway,40.764811,-73.973347,10022
8,9,9,R14,BMT,Broadway - Brighton,57 St - 7 Av,M,N Q R W,Subway,40.764664,-73.98065799999999,10019
9,10,10,R15,BMT,Broadway - Brighton,49 St,M,N R W,Subway,40.759901,-73.984139,10019
10,11,611,R16,BMT,Broadway - Brighton,Times Sq - 42 St,M,N Q R W,Subway,40.754672,-73.986754,10018
11,12,607,R17,BMT,Broadway - Brighton,34 St - Herald Sq,M,N Q R W,Subway,40.749567,-73.98795,10016
12,13,13,R18,BMT,Broadway - Brighton,28 St,M,R W,Subway,40.745494,-73.988691,10001
13,14,14,R19,BMT,Broadway - Brighton,23 St,M,R W,Subway,40.741303,-73.98934399999999,10010
14,15,602,R20,BMT,Broadway - Brighton,14 St - Union Sq,M,N Q R W,Subway,40.735735999999996,-73.99056800000001,10010
15,16,16,R21,BMT,Broadway - Brighton,8 St - NYU,M,R W,Subway,40.730328,-73.99262900000001,10003
16,17,17,R22,BMT,Broadway - Brighton,Prince St,M,R W,Subway,40.724329,-73.997702,10012
17,18,623,R23,BMT,Broadway,Canal St,M,R W,Subway,40.719527,-74.001775,10013
18,19,623,Q01,BMT,Manhattan Bridge,Canal St,M,N Q,Subway,40.718383,-74.00046,10013
19,20,20,R24,BMT,Broadway,City Hall,M,R W,Subway,40.713282,-74.006978,10003
20,21,21,R25,BMT,Broadway,Cortlandt St,M,R W,Subway,40.710668,-74.01102900000001,10013
21,22,22,R26,BMT,Broadway,Rector St,M,R W,Subway,40.70722,-74.01334200000001,10006
22,23,635,R27,BMT,Broadway,Whitehall St,M,R W,Subway,40.703087,-74.01299399999999,10004
23,24,620,R28,BMT,Broadway,Court St,Bk,R,Subway,40.6941,-73.991777,11201
24,25,636,R29,BMT,Broadway,Jay St - MetroTech,Bk,R,Subway,40.69218,-73.98594200000001,11201
25,26,26,R30,BMT,Broadway - Brighton,DeKalb Av,Bk,B Q R,Subway,40.690635,-73.981824,11201
26,27,617,R31,BMT,4th Av,Atlantic Av - Barclays Ctr,Bk,D N R,Subway,40.683665999999995,-73.97881,11217
27,28,28,R32,BMT,4th Av,Union St,Bk,R,Subway,40.677316,-73.98311,11209
28,29,608,R33,BMT,4th Av,9 St,Bk,R,Subway,40.670846999999995,-73.988302,11215
29,30,30,R34,BMT,4th Av,Prospect Av,Bk,R,Subway,40.665414,-73.99287199999999,11215
30,31,31,R35,BMT,4th Av,25 St,Bk,R,Subway,40.660396999999996,-73.998091,11232
31,32,32,R36,BMT,4th Av,36 St,Bk,D N R,Subway,40.655144,-74.00354899999999,11232
32,33,33,R39,BMT,4th Av,45 St,Bk,R,Subway,40.648939,-74.010006,11220
33,34,34,R40,BMT,4th Av,53 St,Bk,R,Subway,40.645069,-74.014034,11220
34,35,35,R41,BMT,4th Av,59 St,Bk,N R,Subway,40.641362,-74.017881,11220
35,36,36,R42,BMT,4th Av,Bay Ridge Av,Bk,R,Subway,40.634966999999996,-74.023377,11220
36,37,37,R43,BMT,4th Av,77 St,Bk,R,Subway,40.629742,-74.02551,11209
37,38,38,R44,BMT,4th Av,86 St,Bk,R,Subway,40.622687,-74.028398,11209
38,39,39,R45,BMT,4th Av,Bay Ridge - 95 St,Bk,R,Subway,40.616622,-74.030876,11209
39,40,617,D24,BMT,Broadway - Brighton,Atlantic Av - Barclays Ctr,Bk,B Q,Subway,40.684459999999994,-73.97689,11217
40,41,41,D25,BMT,Broadway - Brighton,7 Av,Bk,B Q,Subway,40.67705,-73.972367,11238
41,42,42,D26,BMT,Broadway - Brighton,Prospect Park,Bk,B Q,Open Cut,40.661614,-73.962246,11225
42,43,43,D27,BMT,Broadway - Brighton,Parkside Av,Bk,B Q,Open Cut,40.655291999999996,-73.961495,11226
43,44,44,D28,BMT,Broadway - Brighton,Church Av,Bk,B Q,Open Cut,40.650527000000004,-73.962982,11226
44,45,45,D29,BMT,Broadway - Brighton,Beverley Rd,Bk,B Q,Open Cut,40.644031,-73.964492,11226
45,46,46,D30,BMT,Broadway - Brighton,Cortelyou Rd,Bk,B Q,Open Cut,40.640927000000005,-73.963891,11226
46,47,47,D31,BMT,Broadway - Brighton,Newkirk Plaza,Bk,B Q,Open Cut,40.635082000000004,-73.962793,11226
47,48,48,D32,BMT,Broadway - Brighton,Avenue H,Bk,B Q,Open Cut,40.62927,-73.961639,11230
48,49,49,D33,BMT,Broadway - Brighton,Avenue J,Bk,B Q,Open Cut,40.625039,-73.960803,11230
49,50,50,D34,BMT,Broadway - Brighton,Avenue M,Bk,B Q,Open Cut,40.617618,-73.959399,11230
50,51,51,D35,BMT,Broadway - Brighton,Kings Hwy,Bk,B Q,Open Cut,40.608670000000004,-73.957734,11229
51,52,52,D37,BMT,Broadway - Brighton,Avenue U,Bk,B Q,Open Cut,40.5993,-73.955929,11229
52,53,53,D38,BMT,Broadway - Brighton,Neck Rd,Bk,B Q,Open Cut,40.595246,-73.955161,11229
53,54,54,D39,BMT,Broadway - Brighton,Sheepshead Bay,Bk,B Q,Open Cut,40.586896,-73.954155,11235
54,55,55,D40,BMT,Broadway - Brighton,Brighton Beach,Bk,B Q,Elevated,40.577621,-73.961376,11235
55,56,56,D41,BMT,Broadway - Brighton,Ocean Pkwy,Bk,Q,Elevated,40.576312,-73.968501,11235
56,57,57,D42,BMT,Broadway - Brighton,W 8 St - NY Aquarium,Bk,F Q,Elevated,40.576127,-73.975939,11224
57,58,58,D43,BMT,Sea Beach / West End / Culver / Brighton,Coney Island - Stillwell Av,Bk,D F N Q,Viaduct,40.577422,-73.98123299999999,11224
58,59,59,B12,BMT,West End,9 Av,Bk,D,Open Cut,40.646291999999995,-73.994324,11220
59,60,60,B13,BMT,West End,Fort Hamilton Pkwy,Bk,D,Elevated,40.640914,-73.994304,11219
60,61,61,B14,BMT,West End,50 St,Bk,D,Elevated,40.63626,-73.994791,11219
61,62,62,B15,BMT,West End,55 St,Bk,D,Elevated,40.631434999999996,-73.995476,11219
62,63,615,B16,BMT,West End,62 St,Bk,D,Elevated,40.626472,-73.996895,11219
63,64,64,B17,BMT,West End,71 St,Bk,D,Elevated,40.619589000000005,-73.998864,11228
64,65,65,B18,BMT,West End,79 St,Bk,D,Elevated,40.613501,-74.00061,11214
65,66,66,B19,BMT,West End,18 Av,Bk,D,Elevated,40.607954,-74.001736,11214
66,67,67,B20,BMT,West End,20 Av,Bk,D,Elevated,40.604556,-73.998168,11214
67,68,68,B21,BMT,West End,Bay Pkwy,Bk,D,Elevated,40.601875,-73.993728,11223
68,69,69,B22,BMT,West End,25 Av,Bk,D,Elevated,40.597704,-73.986829,11214
69,70,70,B23,BMT,West End,Bay 50 St,Bk,D,Elevated,40.588840999999995,-73.983765,11214
70,71,71,N02,BMT,Sea Beach,8 Av,Bk,N,Open Cut,40.635064,-74.011719,11220
71,72,72,N03,BMT,Sea Beach,Fort Hamilton Pkwy,Bk,N,Open Cut,40.631386,-74.005351,11219
72,73,615,N04,BMT,Sea Beach,New Utrecht Av,Bk,N,Open Cut,40.624842,-73.996353,11219
73,74,74,N05,BMT,Sea Beach,18 Av,Bk,N,Open Cut,40.620671,-73.990414,11204
74,75,75,N06,BMT,Sea Beach,20 Av,Bk,N,Open Cut,40.61741,-73.985026,11204
75,76,76,N07,BMT,Sea Beach,Bay Pkwy,Bk,N,Open Cut,40.611815,-73.981848,11204
76,77,77,N08,BMT,Sea Beach,Kings Hwy,Bk,N,Open Cut,40.603922999999995,-73.98035300000001,11223
77,78,78,N09,BMT,Sea Beach,Avenue U,Bk,N,Open Cut,40.597473,-73.979137,11223
78,79,79,N10,BMT,Sea Beach,86 St,Bk,N,Open Cut,40.592721000000004,-73.97823000000001,11223
79,80,80,J12,BMT,Jamaica,121 St,Q,J Z,Elevated,40.700492,-73.828294,11418
80,81,81,J13,BMT,Jamaica,111 St,Q,J,Elevated,40.697418,-73.836345,11418
81,82,82,J14,BMT,Jamaica,104 St,Q,J Z,Elevated,40.695178000000006,-73.84433,11418
82,83,83,J15,BMT,Jamaica,Woodhaven Blvd,Q,J Z,Elevated,40.693878999999995,-73.851576,11421
83,84,84,J16,BMT,Jamaica,85 St - Forest Pkwy,Q,J,Elevated,40.692434999999996,-73.86001,11421
84,85,85,J17,BMT,Jamaica,75 St,Q,J Z,Elevated,40.691324,-73.867139,11421
85,86,86,J19,BMT,Jamaica,Cypress Hills,Bk,J,Elevated,40.689941,-73.87255,11208
86,87,87,J20,BMT,Jamaica,Crescent St,Bk,J Z,Elevated,40.683194,-73.873785,11208
87,88,88,J21,BMT,Jamaica,Norwood Av,Bk,J Z,Elevated,40.68141,-73.880039,11208
88,89,89,J22,BMT,Jamaica,Cleveland St,Bk,J,Elevated,40.679947,-73.884639,11208
89,90,90,J23,BMT,Jamaica,Van Siclen Av,Bk,J Z,Elevated,40.678024,-73.891688,11207
90,91,91,J24,BMT,Jamaica,Alabama Av,Bk,J,Elevated,40.676992,-73.89865400000001,11207
91,92,621,J27,BMT,Jamaica,Broadway Jct,Bk,J Z,Elevated,40.679497999999995,-73.904512,11207
92,93,93,J28,BMT,Jamaica,Chauncey St,Bk,J Z,Elevated,40.682893,-73.91045600000001,11233
93,94,94,J29,BMT,Jamaica,Halsey St,Bk,J,Elevated,40.686370000000004,-73.91655899999999,11221
94,95,95,J30,BMT,Jamaica,Gates Av,Bk,J Z,Elevated,40.68963,-73.92227,11221
95,96,96,J31,BMT,Jamaica,Kosciuszko St,Bk,J,Elevated,40.693342,-73.928814,11221
96,97,97,M11,BMT,Jamaica,Myrtle Av,Bk,J M Z,Elevated,40.697207,-73.93565699999999,11206
97,98,98,M12,BMT,Jamaica,Flushing Av,Bk,J M,Elevated,40.70026,-73.941126,11206
98,99,99,M13,BMT,Jamaica,Lorimer St,Bk,J M,Elevated,40.703869,-73.947408,11206
99,100,100,M14,BMT,Jamaica,Hewes St,Bk,J M,Elevated,40.70687,-73.95343100000001,11211
100,101,101,M16,BMT,Jamaica,Marcy Av,Bk,J M Z,Elevated,40.708359,-73.957757,11211
101,102,625,M18,BMT,Jamaica,Essex St,M,J M Z,Subway,40.718315000000004,-73.987437,10002
102,103,103,M19,BMT,Jamaica,Bowery,M,J Z,Subway,40.720279999999995,-73.993915,10002
103,104,623,M20,BMT,Jamaica,Canal St,M,J Z,Subway,40.718092,-73.999892,10013
104,105,622,M21,BMT,Jamaica,Chambers St,M,J Z,Subway,40.713243,-74.003401,10007
105,106,628,M22,BMT,Jamaica,Fulton St,M,J Z,Subway,40.710374,-74.007582,10038
106,107,107,M23,BMT,Jamaica,Broad St,M,J Z,Subway,40.706476,-74.01105600000001,10004
107,108,108,M01,BMT,Myrtle Av,Middle Village - Metropolitan Av,Q,M,Elevated,40.711396,-73.889601,11385
108,109,109,M04,BMT,Myrtle Av,Fresh Pond Rd,Q,M,Elevated,40.706185999999995,-73.895877,11385
109,110,110,M05,BMT,Myrtle Av,Forest Av,Q,M,Elevated,40.704423,-73.903077,11385
110,111,111,M06,BMT,Myrtle Av,Seneca Av,Q,M,Elevated,40.702762,-73.90774,11385
111,112,630,M08,BMT,Myrtle Av,Myrtle - Wyckoff Avs,Bk,M,Elevated,40.69943,-73.912385,11237
112,113,113,M09,BMT,Myrtle Av,Knickerbocker Av,Bk,M,Elevated,40.698664,-73.91971099999999,11237
113,114,114,M10,BMT,Myrtle Av,Central Av,Bk,M,Elevated,40.697857,-73.927397,11221
114,115,618,L01,BMT,Canarsie,8 Av,M,L,Subway,40.739777000000004,-74.002578,10014
115,116,601,L02,BMT,Canarsie,6 Av,M,L,Subway,40.737334999999995,-73.996786,10011
116,117,602,L03,BMT,Canarsie,Union Sq - 14 St,M,L,Subway,40.734789,-73.99073,10035
117,118,118,L05,BMT,Canarsie,3 Av,M,L,Subway,40.732849,-73.986122,10003
118,119,119,L06,BMT,Canarsie,1 Av,M,L,Subway,40.730953,-73.981628,10009
119,120,120,L08,BMT,Canarsie,Bedford Av,Bk,L,Subway,40.717304,-73.956872,11211
120,121,629,L10,BMT,Canarsie,Lorimer St,Bk,L,Subway,40.714063,-73.950275,11211
121,122,122,L11,BMT,Canarsie,Graham Av,Bk,L,Subway,40.714565,-73.944053,11211
122,123,123,L12,BMT,Canarsie,Grand St,Bk,L,Subway,40.711926,-73.94067,11211
123,124,124,L13,BMT,Canarsie,Montrose Av,Bk,L,Subway,40.707739000000004,-73.93985,11206
124,125,125,L14,BMT,Canarsie,Morgan Av,Bk,L,Subway,40.706152,-73.93314699999999,11206
125,126,126,L15,BMT,Canarsie,Jefferson St,Bk,L,Subway,40.706607,-73.922913,11237
126,127,127,L16,BMT,Canarsie,DeKalb Av,Bk,L,Subway,40.703811,-73.918425,11237
127,128,630,L17,BMT,Canarsie,Myrtle - Wyckoff Avs,Bk,L,Subway,40.699814,-73.911586,11385
128,129,129,L19,BMT,Canarsie,Halsey St,Q,L,Subway,40.695602,-73.904084,11385
129,130,130,L20,BMT,Canarsie,Wilson Av,Bk,L,Subway,40.688764,-73.904046,11207
130,131,131,L21,BMT,Canarsie,Bushwick Av - Aberdeen St,Bk,L,Subway,40.682829,-73.905249,11207
131,132,621,L22,BMT,Canarsie,Broadway Jct,Bk,L,Elevated,40.678856,-73.90324,11207
132,133,133,L24,BMT,Canarsie,Atlantic Av,Bk,L,Elevated,40.675345,-73.903097,11207
133,134,134,L25,BMT,Canarsie,Sutter Av,Bk,L,Elevated,40.669367,-73.901975,11207
134,135,135,L26,BMT,Canarsie,Livonia Av,Bk,L,Elevated,40.664038,-73.900571,11207
135,136,136,L27,BMT,Canarsie,New Lots Av,Bk,L,Elevated,40.658733000000005,-73.899232,11207
136,137,137,L28,BMT,Canarsie,E 105 St,Bk,L,At Grade,40.650573,-73.899485,11236
137,138,138,L29,BMT,Canarsie,Canarsie - Rockaway Pkwy,Bk,L,At Grade,40.646654,-73.90185,11236
138,139,627,S01,BMT,Franklin Shuttle,Franklin Av,Bk,S,Elevated,40.680596,-73.955827,11225
139,141,141,S03,BMT,Franklin Shuttle,Park Pl,Bk,S,Open Cut,40.674772,-73.957624,11238
140,142,626,S04,BMT,Franklin Shuttle,Botanic Garden,Bk,S,Open Cut,40.670343,-73.959245,11213
141,143,143,A02,IND,8th Av - Fulton St,Inwood - 207 St,M,A,Subway,40.868072,-73.919899,10034
142,144,144,A03,IND,8th Av - Fulton St,Dyckman St,M,A,Subway,40.865491,-73.92727099999999,10040
143,145,145,A05,IND,8th Av - Fulton St,190 St,M,A,Subway,40.859021999999996,-73.93418,10040
144,146,146,A06,IND,8th Av - Fulton St,181 St,M,A,Subway,40.851695,-73.937969,10033
145,147,147,A07,IND,8th Av - Fulton St,175 St,M,A,Subway,40.847390999999995,-73.939704,10033
146,148,605,A09,IND,8th Av - Fulton St,168 St,M,A C,Subway,40.840719,-73.939561,10032
147,149,149,A10,IND,8th Av - Fulton St,163 St - Amsterdam Av,M,C,Subway,40.836013,-73.939892,10032
148,150,150,A11,IND,8th Av - Fulton St,155 St,M,C,Subway,40.830518,-73.941514,10040
149,151,151,A12,IND,8th Av - Fulton St,145 St,M,A B C D,Subway,40.824783000000004,-73.944216,10031
150,152,152,A14,IND,8th Av - Fulton St,135 St,M,B C,Subway,40.817894,-73.947649,10030
151,153,153,A15,IND,8th Av - Fulton St,125 St,M,A B C D,Subway,40.811109,-73.952343,10027
152,154,154,A16,IND,8th Av - Fulton St,116 St,M,B C,Subway,40.805085,-73.954882,10026
153,155,155,A17,IND,8th Av - Fulton St,Cathedral Pkwy (110 St),M,B C,Subway,40.800603,-73.958161,10026
154,156,156,A18,IND,8th Av - Fulton St,103 St,M,B C,Subway,40.796092,-73.961454,10025
155,157,157,A19,IND,8th Av - Fulton St,96 St,M,B C,Subway,40.791641999999996,-73.96469599999999,10025
156,158,158,A20,IND,8th Av - Fulton St,86 St,M,B C,Subway,40.785868,-73.96891600000001,10024
157,159,159,A21,IND,8th Av - Fulton St,81 St - Museum of Natural History,M,B C,Subway,40.781433,-73.972143,10025
158,160,160,A22,IND,8th Av - Fulton St,72 St,M,B C,Subway,40.775594,-73.97641,10023
159,161,614,A24,IND,8th Av - Fulton St,59 St - Columbus Circle,M,A B C D,Subway,40.768296,-73.981736,10023
160,162,162,A25,IND,8th Av - Fulton St,50 St,M,C E,Subway,40.762456,-73.985984,10019
161,163,611,A27,IND,8th Av - Fulton St,42 St - Port Authority Bus Terminal,M,A C E,Subway,40.757308,-73.989735,10036
162,164,164,A28,IND,8th Av - Fulton St,34 St - Penn Station,M,A C E,Subway,40.752287,-73.993391,10011
163,165,165,A30,IND,8th Av - Fulton St,23 St,M,C E,Subway,40.745906,-73.998041,10011
164,166,618,A31,IND,8th Av - Fulton St,14 St,M,A C E,Subway,40.740893,-74.00169,10011
165,167,167,A32,IND,8th Av - Fulton St,W 4 St,M,A B C D E F M,Subway,40.732338,-74.000495,10014
166,168,168,A33,IND,8th Av - Fulton St,Spring St,M,C E,Subway,40.726227,-74.003739,10012
167,169,169,A34,IND,8th Av - Fulton St,Canal St,M,A C E,Subway,40.720824,-74.005229,10013
168,170,624,A36,IND,8th Av - Fulton St,Chambers St,M,A C,Subway,40.714110999999995,-74.008585,10007
169,171,624,E01,IND,8th Av - Fulton St,World Trade Center,M,E,Subway,40.712582,-74.009781,10007
170,172,628,A38,IND,8th Av - Fulton St,Fulton St,M,A C,Subway,40.710196999999994,-74.00769100000001,10038
171,173,173,A40,IND,8th Av - Fulton St,High St,Bk,A C,Subway,40.699337,-73.990531,11201
172,174,636,A41,IND,8th Av - Fulton St,Jay St - MetroTech,Bk,A C F,Subway,40.692338,-73.987342,11201
173,175,175,A42,IND,8th Av - Fulton St,Hoyt - Schermerhorn Sts,Bk,A C G,Subway,40.688484,-73.985001,11201
174,176,176,A43,IND,8th Av - Fulton St,Lafayette Av,Bk,C,Subway,40.686113,-73.973946,11207
175,177,177,A44,IND,8th Av - Fulton St,Clinton - Washington Avs,Bk,C,Subway,40.683263000000004,-73.965838,11238
176,178,627,A45,IND,8th Av - Fulton St,Franklin Av,Bk,C,Subway,40.68138,-73.956848,11238
177,179,179,A46,IND,8th Av - Fulton St,Nostrand Av,Bk,A C,Subway,40.680438,-73.95042600000001,11216
178,180,180,A47,IND,8th Av - Fulton St,Kingston - Throop Avs,Bk,C,Subway,40.679921,-73.94085799999999,11216
179,181,181,A48,IND,8th Av - Fulton St,Utica Av,Bk,A C,Subway,40.679364,-73.930729,11233
180,182,182,A49,IND,8th Av - Fulton St,Ralph Av,Bk,C,Subway,40.678822,-73.92078599999999,11233
181,183,183,A50,IND,8th Av - Fulton St,Rockaway Av,Bk,C,Subway,40.678340000000006,-73.911946,11233
182,184,621,A51,IND,8th Av - Fulton St,Broadway Jct,Bk,A C,Subway,40.678334,-73.905316,11233
183,185,185,A52,IND,8th Av - Fulton St,Liberty Av,Bk,C,Subway,40.674541999999995,-73.896548,11207
184,186,186,A53,IND,8th Av - Fulton St,Van Siclen Av,Bk,C,Subway,40.672709999999995,-73.89035799999999,11207
185,187,187,A54,IND,8th Av - Fulton St,Shepherd Av,Bk,C,Subway,40.67413,-73.88075,11208
186,188,188,A55,IND,8th Av - Fulton St,Euclid Av,Bk,A C,Subway,40.675377000000005,-73.872106,11208
187,189,189,A57,IND,Liberty Av,Grant Av,Bk,A,Subway,40.677044,-73.86505,11208
188,190,190,A59,IND,Liberty Av,80 St,Q,A,Elevated,40.679371,-73.858992,11416
189,191,191,A60,IND,Liberty Av,88 St,Q,A,Elevated,40.679843,-73.85146999999999,11417
190,192,192,A61,IND,Liberty Av,Rockaway Blvd,Q,A,Elevated,40.680429,-73.843853,11417
191,193,193,A63,IND,Liberty Av,104 St,Q,A,Elevated,40.681711,-73.837683,11417
192,194,194,A64,IND,Liberty Av,111 St,Q,A,Elevated,40.684331,-73.832163,11419
193,195,195,A65,IND,Liberty Av,Ozone Park - Lefferts Blvd,Q,A,Elevated,40.685951,-73.82579799999999,11419
194,196,196,H01,IND,Rockaway,Aqueduct Racetrack,Q,A,At Grade,40.672096999999994,-73.83591899999999,11422
195,197,197,H02,IND,Rockaway,Aqueduct - N Conduit Av,Q,A,At Grade,40.668234000000005,-73.834058,11422
196,198,198,H03,IND,Rockaway,Howard Beach - JFK Airport,Q,A,At Grade,40.660476,-73.830301,11414
197,199,199,H04,IND,Rockaway,Broad Channel,Q,A S,At Grade,40.608382,-73.815925,11693
198,200,200,H12,IND,Rockaway,Beach 90 St,Q,A S,Viaduct,40.588034,-73.813641,11693
199,201,201,H13,IND,Rockaway,Beach 98 St,Q,A S,Viaduct,40.585307,-73.82055799999999,11694
200,202,202,H14,IND,Rockaway,Beach 105 St,Q,A S,Viaduct,40.583209000000004,-73.827559,11694
201,203,203,H15,IND,Rockaway,Rockaway Park - Beach 116 St,Q,A S,At Grade,40.580903,-73.835592,11694
202,204,204,H06,IND,Rockaway,Beach 67 St,Q,A,Viaduct,40.590927,-73.796924,11694
203,205,205,H07,IND,Rockaway,Beach 60 St,Q,A,Viaduct,40.592374,-73.788522,11692
204,206,206,H08,IND,Rockaway,Beach 44 St,Q,A,Viaduct,40.592943,-73.776013,11691
205,207,207,H09,IND,Rockaway,Beach 36 St,Q,A,Viaduct,40.595397999999996,-73.768175,11691
206,208,208,H10,IND,Rockaway,Beach 25 St,Q,A,Viaduct,40.600066,-73.761353,11691
207,209,209,H11,IND,Rockaway,Far Rockaway - Mott Av,Q,A,Viaduct,40.603995,-73.75540500000001,11691
208,210,210,D01,IND,Concourse,Norwood - 205 St,Bx,D,Subway,40.874811,-73.878855,10467
209,211,211,D03,IND,Concourse,Bedford Park Blvd,Bx,B D,Subway,40.873244,-73.88713800000001,10458
210,212,212,D04,IND,Concourse,Kingsbridge Rd,Bx,B D,Subway,40.866978,-73.893509,10458
211,213,213,D05,IND,Concourse,Fordham Rd,Bx,B D,Subway,40.861296,-73.897749,10458
212,214,214,D06,IND,Concourse,182-183 Sts,Bx,B D,Subway,40.856093,-73.900741,10453
213,215,215,D07,IND,Concourse,Tremont Av,Bx,B D,Subway,40.85041,-73.905227,10453
214,216,216,D08,IND,Concourse,174-175 Sts,Bx,B D,Subway,40.8459,-73.910136,10457
215,217,217,D09,IND,Concourse,170 St,Bx,B D,Subway,40.839306,-73.9134,10452
216,218,218,D10,IND,Concourse,167 St,Bx,B D,Subway,40.833771,-73.91844,10456
217,219,604,D11,IND,Concourse,161 St - Yankee Stadium,Bx,B D,Subway,40.827905,-73.925651,10452
218,220,220,D12,IND,Concourse,155 St,M,B D,Subway,40.830135,-73.938209,10039
219,221,221,B04,IND,63rd St,21 St - Queensbridge,Q,F,Subway,40.754203000000004,-73.942836,11101
220,222,222,B06,IND,63rd St,Roosevelt Island,M,F,Subway,40.759145000000004,-73.95326,10021
221,223,223,B08,IND,63rd St,Lexington Av/63 St,M,F Q,Subway,40.764629,-73.966113,10021
222,224,224,B10,IND,6th Av - Culver,57 St,M,F,Subway,40.763971999999995,-73.97745,10019
223,225,225,D15,IND,6th Av - Culver,47-50 Sts - Rockefeller Ctr,M,B D F M,Subway,40.758663,-73.981329,10036
224,226,609,D16,IND,6th Av - Culver,42 St - Bryant Pk,M,B D F M,Subway,40.754222,-73.984569,10036
225,227,607,D17,IND,6th Av - Culver,34 St - Herald Sq,M,B D F M,Subway,40.749719,-73.98782299999999,10001
226,228,228,D18,IND,6th Av - Culver,23 St,M,F M,Subway,40.742878000000005,-73.99282099999999,10019
227,229,601,D19,IND,6th Av - Culver,14 St,M,F M,Subway,40.738228,-73.996209,10011-6832
228,230,619,D21,IND,6th Av - Culver,Broadway-Lafayette St,M,B D F M,Subway,40.725297,-73.996204,10002
229,231,231,D22,IND,6th Av - Culver,Grand St,M,B D,Subway,40.718267,-73.993753,10002
230,232,232,F14,IND,6th Av - Culver,2 Av,M,F,Subway,40.723402,-73.989938,10003
231,233,625,F15,IND,6th Av - Culver,Delancey St,M,F,Subway,40.718610999999996,-73.988114,10002
232,234,234,F16,IND,6th Av - Culver,East Broadway,M,F,Subway,40.713715,-73.990173,10002
233,235,235,F18,IND,6th Av - Culver,York St,Bk,F,Subway,40.701397,-73.986751,11201
234,236,236,F20,IND,6th Av - Culver,Bergen St,Bk,F G,Subway,40.686145,-73.99086199999999,11201
235,237,237,F21,IND,6th Av - Culver,Carroll St,Bk,F G,Subway,40.680303,-73.995048,11231
236,238,238,F22,IND,6th Av - Culver,Smith - 9 Sts,Bk,F G,Viaduct,40.67358,-73.995959,11215
237,239,608,F23,IND,6th Av - Culver,4 Av,Bk,F G,Viaduct,40.670272,-73.989779,11215
238,240,240,F24,IND,6th Av - Culver,7 Av,Bk,F G,Subway,40.666271,-73.980305,11215
239,241,241,F25,IND,6th Av - Culver,15 St - Prospect Park,Bk,F G,Subway,40.660365000000006,-73.979493,11215
240,242,242,F26,IND,6th Av - Culver,Fort Hamilton Pkwy,Bk,F G,Subway,40.650782,-73.975776,11218
241,243,243,F27,IND,6th Av - Culver,Church Av,Bk,F,Subway,40.644040999999994,-73.979678,11218
242,244,244,F29,IND,6th Av - Culver,Ditmas Av,Bk,F,Elevated,40.636119,-73.978172,11218
243,245,245,F30,IND,6th Av - Culver,18 Av,Bk,F,Elevated,40.629754999999996,-73.97697099999999,11230
244,246,246,F31,IND,6th Av - Culver,Avenue I,Bk,F,Elevated,40.625322,-73.976127,11230
245,247,247,F32,IND,6th Av - Culver,Bay Pkwy,Bk,F,Elevated,40.620769,-73.975264,11230
246,248,248,F33,IND,6th Av - Culver,Avenue N,Bk,F,Elevated,40.615140000000004,-73.974197,11230
247,249,249,F34,IND,6th Av - Culver,Avenue P,Bk,F,Elevated,40.608944,-73.973022,11230
248,250,250,F35,IND,6th Av - Culver,Kings Hwy,Bk,F,Elevated,40.603217,-73.97236099999999,11223
249,251,251,F36,IND,6th Av - Culver,Avenue U,Bk,F,Elevated,40.596063,-73.973357,11223
250,252,252,F38,IND,6th Av - Culver,Avenue X,Bk,F,Elevated,40.589620000000004,-73.97425,11223
251,253,253,F39,IND,6th Av - Culver,Neptune Av,Bk,F,Elevated,40.581011,-73.974574,11224
252,254,254,F01,IND,Queens - Archer,Jamaica - 179 St,Q,F,Subway,40.712646,-73.783817,11432
253,255,255,F02,IND,Queens - Archer,169 St,Q,F,Subway,40.71047,-73.793604,11432
254,256,256,F03,IND,Queens - Archer,Parsons Blvd,Q,F,Subway,40.707564,-73.803326,11432
255,257,257,F04,IND,Queens - Archer,Sutphin Blvd,Q,F,Subway,40.705459999999995,-73.81070799999999,11435
256,258,258,F05,IND,Queens - Archer,Briarwood - Van Wyck Blvd,Q,E F,Subway,40.709179,-73.820574,11365
257,259,259,F06,IND,Queens - Archer,Kew Gardens - Union Tpke,Q,E F,Subway,40.714441,-73.831008,11375
258,260,260,F07,IND,Queens - Archer,75 Av,Q,E F,Subway,40.718331,-73.837324,11375
259,261,261,G08,IND,Queens - Archer,Forest Hills - 71 Av,Q,E F M R,Subway,40.721691,-73.844521,11368
260,262,262,G09,IND,Queens - Archer,67 Av,Q,M R,Subway,40.726523,-73.852719,11375
261,263,263,G10,IND,Queens - Archer,63 Dr - Rego Park,Q,M R,Subway,40.729846,-73.861604,11368
262,264,264,G11,IND,Queens - Archer,Woodhaven Blvd,Q,M R,Subway,40.733106,-73.869229,11373
263,265,265,G12,IND,Queens - Archer,Grand Av - Newtown,Q,M R,Subway,40.737015,-73.877223,11373
264,266,266,G13,IND,Queens - Archer,Elmhurst Av,Q,M R,Subway,40.742453999999995,-73.882017,11373
265,267,616,G14,IND,Queens - Archer,Jackson Hts - Roosevelt Av,Q,E F M R,Subway,40.746644,-73.891338,11377
266,268,268,G15,IND,Queens - Archer,65 St,Q,M R,Subway,40.749669,-73.898453,11377
267,269,269,G16,IND,Queens - Archer,Northern Blvd,Q,M R,Subway,40.752885,-73.906006,11377
268,270,270,G18,IND,Queens - Archer,46 St,Q,M R,Subway,40.756312,-73.913333,11103
269,271,271,G19,IND,Queens - Archer,Steinway St,Q,M R,Subway,40.756879,-73.92074000000001,11103
270,272,272,G20,IND,Queens - Archer,36 St,Q,M R,Subway,40.752039,-73.928781,11101
271,273,273,G21,IND,Queens - Archer,Queens Plaza,Q,E M R,Subway,40.748973,-73.93724300000001,11101
272,274,606,F09,IND,Queens - Archer,Court Sq,Q,E M,Subway,40.747846,-73.946,11101
273,275,612,F11,IND,Queens - Archer,Lexington Av/53 St,M,E M,Subway,40.757552000000004,-73.96905500000001,10035
274,276,276,F12,IND,Queens - Archer,5 Av/53 St,M,E M,Subway,40.760166999999996,-73.975224,10022
275,277,277,D14,IND,Queens - Archer,7 Av,M,B D E,Subway,40.762862,-73.981637,10019
276,278,278,G05,IND,Queens - Archer,Jamaica Center - Parsons/Archer,Q,E J Z,Subway,40.702147,-73.801109,11433
277,279,279,G06,IND,Queens - Archer,Sutphin Blvd - Archer Av - JFK Airport,Q,E J Z,Subway,40.700486,-73.807969,11433
278,280,280,G07,IND,Queens - Archer,Jamaica - Van Wyck,Q,E,Subway,40.702566,-73.816859,11418
279,281,606,G22,IND,Crosstown,Court Sq,Q,G,Subway,40.746553999999996,-73.943832,11101
280,282,282,G24,IND,Crosstown,21 St,Q,G,Subway,40.744065,-73.949724,11101
281,283,283,G26,IND,Crosstown,Greenpoint Av,Bk,G,Subway,40.731352,-73.954449,11222
282,284,284,G28,IND,Crosstown,Nassau Av,Bk,G,Subway,40.724635,-73.951277,11222
283,285,629,G29,IND,Crosstown,Metropolitan Av,Bk,G,Subway,40.712792,-73.951418,11211
284,286,286,G30,IND,Crosstown,Broadway,Bk,G,Subway,40.706092,-73.95030799999999,11211
285,287,287,G31,IND,Crosstown,Flushing Av,Bk,G,Subway,40.700377,-73.950234,11211
286,288,288,G32,IND,Crosstown,Myrtle - Willoughby Avs,Bk,G,Subway,40.694568,-73.949046,11206
287,289,289,G33,IND,Crosstown,Bedford - Nostrand Avs,Bk,G,Subway,40.689627,-73.95352199999999,11205
288,290,290,G34,IND,Crosstown,Classon Av,Bk,G,Subway,40.688873,-73.96007,11238
289,291,291,G35,IND,Crosstown,Clinton - Washington Avs,Bk,G,Subway,40.688089,-73.96683900000001,11238
290,292,292,G36,IND,Crosstown,Fulton St,Bk,G,Subway,40.687119,-73.975375,11217
291,293,293,101,IRT,Broadway - 7Av,Van Cortlandt Park - 242 St,Bx,1,Elevated,40.889247999999995,-73.898583,10463
292,294,294,103,IRT,Broadway - 7Av,238 St,Bx,1,Elevated,40.884667,-73.90087,10463
293,295,295,104,IRT,Broadway - 7Av,231 St,Bx,1,Elevated,40.878856,-73.904834,10463
294,296,296,106,IRT,Broadway - 7Av,Marble Hill - 225 St,M,1,Elevated,40.874561,-73.90983100000001,10463
295,297,297,107,IRT,Broadway - 7Av,215 St,M,1,Elevated,40.869444,-73.915279,10034
296,298,298,108,IRT,Broadway - 7Av,207 St,M,1,Elevated,40.864621,-73.91882199999999,10034
297,299,299,109,IRT,Broadway - 7Av,Dyckman St,M,1,Elevated,40.860531,-73.925536,10040
298,300,300,110,IRT,Broadway - 7Av,191 St,M,1,Subway,40.855225,-73.929412,10040
299,301,301,111,IRT,Broadway - 7Av,181 St,M,1,Subway,40.849505,-73.933596,10033
300,302,605,112,IRT,Broadway - 7Av,168 St - Washington Hts,M,1,Subway,40.840556,-73.94013299999999,10032
301,303,303,113,IRT,Broadway - 7Av,157 St,M,1,Subway,40.834041,-73.94489,10039
302,304,304,114,IRT,Broadway - 7Av,145 St,M,1,Subway,40.826551,-73.95036,10039
303,305,305,115,IRT,Broadway - 7Av,137 St - City College,M,1,Subway,40.822008000000004,-73.953676,10031
304,306,306,116,IRT,Broadway - 7Av,125 St,M,1,Elevated,40.815581,-73.958372,10027
305,307,307,117,IRT,Broadway - 7Av,116 St - Columbia University,M,1,Subway,40.807722,-73.96410999999999,10025
306,308,308,118,IRT,Broadway - 7Av,Cathedral Pkwy,M,1,Subway,40.803967,-73.966847,10025
307,309,309,119,IRT,Broadway - 7Av,103 St,M,1,Subway,40.799446,-73.968379,10025
308,310,310,120,IRT,Broadway - 7Av,96 St,M,1 2 3,Subway,40.793919,-73.972323,10025
309,311,311,121,IRT,Broadway - 7Av,86 St,M,1,Subway,40.788644,-73.976218,10025
310,312,312,122,IRT,Broadway - 7Av,79 St,M,1,Subway,40.783934,-73.979917,10024
311,313,313,123,IRT,Broadway - 7Av,72 St,M,1 2 3,Subway,40.778453000000006,-73.98196999999999,10023
312,314,314,124,IRT,Broadway - 7Av,66 St - Lincoln Center,M,1,Subway,40.77344,-73.982209,10036
313,315,614,125,IRT,Broadway - 7Av,59 St - Columbus Circle,M,1,Subway,40.768246999999995,-73.98192900000001,10023
314,316,316,126,IRT,Broadway - 7Av,50 St,M,1,Subway,40.761728000000005,-73.98384899999999,10016
315,317,611,127,IRT,Broadway - 7Av,Times Sq - 42 St,M,1 2 3,Subway,40.75529,-73.987495,10018
316,318,318,128,IRT,Broadway - 7Av,34 St - Penn Station,M,1 2 3,Subway,40.750372999999996,-73.991057,10001
317,319,319,129,IRT,Broadway - 7Av,28 St,M,1,Subway,40.747215000000004,-73.993365,10001
318,320,320,130,IRT,Broadway - 7Av,23 St,M,1,Subway,40.744081,-73.995657,10011
319,321,321,131,IRT,Broadway - 7Av,18 St,M,1,Subway,40.741040000000005,-73.99787099999999,10011
320,322,601,132,IRT,Broadway - 7Av,14 St,M,1 2 3,Subway,40.737826,-74.000201,10001
321,323,323,133,IRT,Broadway - 7Av,Christopher St - Sheridan Sq,M,1,Subway,40.733422,-74.00290600000001,10014
322,324,324,134,IRT,Broadway - 7Av,Houston St,M,1,Subway,40.728251,-74.005367,10014
323,325,325,135,IRT,Broadway - 7Av,Canal St,M,1,Subway,40.722854,-74.006277,10013
324,326,326,136,IRT,Broadway - 7Av,Franklin St,M,1,Subway,40.719318,-74.006886,10013
325,327,327,137,IRT,Broadway - 7Av,Chambers St,M,1 2 3,Subway,40.715478000000004,-74.009266,10038
326,328,328,138,IRT,Broadway - 7Av,Cortlandt St,M,1,Subway,40.711835,-74.012188,10038
327,329,329,139,IRT,Broadway - 7Av,Rector St,M,1,Subway,40.707513,-74.01378299999999,10006
328,330,635,142,IRT,Broadway - 7Av,South Ferry,M,1,Subway,40.702068,-74.013664,10006
329,331,624,228,IRT,Clark St,Park Pl,M,2 3,Subway,40.713051,-74.008811,10007
330,332,628,229,IRT,Clark St,Fulton St,M,2 3,Subway,40.709416,-74.006571,10038
331,333,333,230,IRT,Clark St,Wall St,M,2 3,Subway,40.706821000000005,-74.0091,10038
332,334,334,231,IRT,Clark St,Clark St,Bk,2 3,Subway,40.697466,-73.993086,11201
333,335,620,232,IRT,Clark St,Borough Hall,Bk,2 3,Subway,40.693219,-73.989998,11201
334,336,336,233,IRT,Eastern Pky,Hoyt St,Bk,2 3,Subway,40.690545,-73.985065,11201
335,337,337,234,IRT,Eastern Pky,Nevins St,Bk,2 3 4 5,Subway,40.688246,-73.980492,11207
336,338,617,235,IRT,Eastern Pky,Atlantic Av - Barclays Ctr,Bk,2 3,Subway,40.684359,-73.977666,11208
337,339,339,236,IRT,Eastern Pky,Bergen St,Bk,2 3,Subway,40.680828999999996,-73.975098,11213
338,340,340,237,IRT,Eastern Pky,Grand Army Plaza,Bk,2 3,Subway,40.675235,-73.971046,11217
339,341,341,238,IRT,Eastern Pky,Eastern Pkwy - Brooklyn Museum,Bk,2 3,Subway,40.671987,-73.964375,11238
340,342,626,239,IRT,Eastern Pky,Franklin Av,Bk,2 3 4 5,Subway,40.670682,-73.95813100000001,11225
341,343,343,248,IRT,Eastern Pky,Nostrand Av,Bk,3,Subway,40.669847,-73.950466,11225
342,344,344,249,IRT,Eastern Pky,Kingston Av,Bk,3,Subway,40.669399,-73.942161,11213
343,345,345,250,IRT,Eastern Pky,Crown Hts - Utica Av,Bk,3 4,Subway,40.668896999999994,-73.93294200000001,11213
344,346,346,251,IRT,Eastern Pky,Sutter Av - Rutland Rd,Bk,3,Elevated,40.664716999999996,-73.92260999999999,11212
345,347,347,252,IRT,Eastern Pky,Saratoga Av,Bk,3,Elevated,40.661453,-73.916327,11212
346,348,348,253,IRT,Eastern Pky,Rockaway Av,Bk,3,Elevated,40.662549,-73.908946,11212
347,349,349,254,IRT,Eastern Pky,Junius St,Bk,3,Elevated,40.663515000000004,-73.902447,11212
348,350,350,255,IRT,Eastern Pky,Pennsylvania Av,Bk,3,Elevated,40.664635,-73.89489499999999,11207
349,351,351,256,IRT,Eastern Pky,Van Siclen Av,Bk,3,Elevated,40.665449,-73.889395,11207
350,352,352,257,IRT,Eastern Pky,New Lots Av,Bk,3,Elevated,40.666235,-73.884079,11207
351,353,353,241,IRT,Nostrand,President St,Bk,2 5,Subway,40.667883,-73.950683,11225
352,354,354,242,IRT,Nostrand,Sterling St,Bk,2 5,Subway,40.662742,-73.95085,11225
353,355,355,243,IRT,Nostrand,Winthrop St,Bk,2 5,Subway,40.656652,-73.9502,11225
354,356,356,244,IRT,Nostrand,Church Av,Bk,2 5,Subway,40.650843,-73.949575,11226
355,357,357,245,IRT,Nostrand,Beverly Rd,Bk,2 5,Subway,40.645098,-73.948959,11226
356,358,358,246,IRT,Nostrand,Newkirk Av,Bk,2 5,Subway,40.639967,-73.948411,11235
357,359,359,247,IRT,Nostrand,Flatbush Av - Brooklyn College,Bk,2 5,Subway,40.632836,-73.947642,11210
358,360,360,601,IRT,Pelham,Pelham Bay Park,Bx,6,Elevated,40.852462,-73.828121,10461
359,361,361,602,IRT,Pelham,Buhre Av,Bx,6,Elevated,40.84681,-73.83256899999999,10461
360,362,362,603,IRT,Pelham,Middletown Rd,Bx,6,Elevated,40.843863,-73.836322,10461
361,363,363,604,IRT,Pelham,Westchester Sq - E Tremont Av,Bx,6,Elevated,40.839892,-73.842952,10461
362,364,364,606,IRT,Pelham,Zerega Av,Bx,6,Elevated,40.836488,-73.847036,10462
363,365,365,607,IRT,Pelham,Castle Hill Av,Bx,6,Elevated,40.834255,-73.85122199999999,10462
364,366,366,608,IRT,Pelham,Parkchester,Bx,6,Elevated,40.833226,-73.860816,10473
365,367,367,609,IRT,Pelham,St Lawrence Av,Bx,6,Elevated,40.831509000000004,-73.86761800000001,10472
366,368,368,610,IRT,Pelham,Morrison Av- Sound View,Bx,6,Elevated,40.829521,-73.874516,10472
367,369,369,611,IRT,Pelham,Elder Av,Bx,6,Elevated,40.828584,-73.879159,10472
368,370,370,612,IRT,Pelham,Whitlock Av,Bx,6,Elevated,40.826525,-73.88628299999999,10459
369,371,371,613,IRT,Pelham,Hunts Point Av,Bx,6,Subway,40.820948,-73.890549,10459
370,372,372,614,IRT,Pelham,Longwood Av,Bx,6,Subway,40.816103999999996,-73.896435,10455
371,373,373,615,IRT,Pelham,E 149 St,Bx,6,Subway,40.812118,-73.904098,10455
372,374,374,616,IRT,Pelham,E 143 St - St Mary's St,Bx,6,Subway,40.808719,-73.907657,10454
373,375,375,617,IRT,Pelham,Cypress Av,Bx,6,Subway,40.805368,-73.91404200000001,10454
374,376,376,618,IRT,Pelham,Brook Av,Bx,6,Subway,40.807565999999994,-73.91924,10454
375,377,377,619,IRT,Pelham,3 Av - 138 St,Bx,6,Subway,40.810476,-73.926138,10454
376,378,378,401,IRT,Jerome Av,Woodlawn,Bx,4,Elevated,40.886037,-73.878751,10467
377,379,379,402,IRT,Jerome Av,Mosholu Pkwy,Bx,4,Elevated,40.87975,-73.88465500000001,10463
378,380,380,405,IRT,Jerome Av,Bedford Park Blvd - Lehman College,Bx,4,Elevated,40.873412,-73.890064,10468
379,381,381,406,IRT,Jerome Av,Kingsbridge Rd,Bx,4,Elevated,40.86776,-73.89717399999999,10468
380,382,382,407,IRT,Jerome Av,Fordham Rd,Bx,4,Elevated,40.862803,-73.901034,10468
381,383,383,408,IRT,Jerome Av,183 St,Bx,4,Elevated,40.858407,-73.903879,10453
382,384,384,409,IRT,Jerome Av,Burnside Av,Bx,4,Elevated,40.853453,-73.907684,10453
383,385,385,410,IRT,Jerome Av,176 St,Bx,4,Elevated,40.84848,-73.911794,10453
384,386,386,411,IRT,Jerome Av,Mt Eden Av,Bx,4,Elevated,40.844434,-73.91468499999999,10452
385,387,387,412,IRT,Jerome Av,170 St,Bx,4,Elevated,40.840075,-73.91779100000001,10452
386,388,388,413,IRT,Jerome Av,167 St,Bx,4,Elevated,40.835537,-73.9214,10452
387,389,604,414,IRT,Jerome Av,161 St - Yankee Stadium,Bx,4,Elevated,40.827994,-73.925831,10452
388,390,603,415,IRT,Jerome Av,149 St - Grand Concourse,Bx,4,Subway,40.818375,-73.927351,10451
389,391,391,416,IRT,Jerome Av,138 St - Grand Concourse,Bx,4 5,Subway,40.813224,-73.929849,10451
390,392,392,621,IRT,Lexington - Shuttle,125 St,M,4 5 6,Subway,40.804138,-73.93759399999999,10035
391,393,393,622,IRT,Lexington - Shuttle,116 St,M,6,Subway,40.798629,-73.94161700000001,10029
392,394,394,623,IRT,Lexington - Shuttle,110 St,M,6,Subway,40.79502,-73.94425,10029
393,395,395,624,IRT,Lexington - Shuttle,103 St,M,6,Subway,40.7906,-73.947478,10037
394,396,396,625,IRT,Lexington - Shuttle,96 St,M,6,Subway,40.785672,-73.95107,10128
395,397,397,626,IRT,Lexington - Shuttle,86 St,M,4 5 6,Subway,40.779492,-73.955589,10028
396,398,398,627,IRT,Lexington - Shuttle,77 St,M,6,Subway,40.77362,-73.959874,10075
397,399,399,628,IRT,Lexington - Shuttle,68 St - Hunter College,M,6,Subway,40.768141,-73.96387,10065
398,400,613,629,IRT,Lexington - Shuttle,59 St,M,4 5 6,Subway,40.762526,-73.967967,10022
399,401,612,630,IRT,Lexington - Shuttle,51 St,M,6,Subway,40.757107,-73.97192,10022
400,402,610,631,IRT,Lexington - Shuttle,Grand Central - 42 St,M,4 5 6,Subway,40.751776,-73.976848,10017
401,403,403,632,IRT,Lexington - Shuttle,33 St,M,6,Subway,40.746081,-73.982076,10016
402,404,404,633,IRT,Lexington - Shuttle,28 St,M,6,Subway,40.74307,-73.984264,10016
403,405,405,634,IRT,Lexington - Shuttle,23 St,M,6,Subway,40.739864000000004,-73.986599,10010
404,406,602,635,IRT,Lexington - Shuttle,14 St - Union Sq,M,4 5 6,Subway,40.734673,-73.989951,10003
405,407,407,636,IRT,Lexington - Shuttle,Astor Pl,M,6,Subway,40.730053999999996,-73.99107,10003
406,408,619,637,IRT,Lexington - Shuttle,Bleecker St,M,6,Subway,40.725915,-73.994659,10012
407,409,409,638,IRT,Lexington - Shuttle,Spring St,M,6,Subway,40.722301,-73.997141,10013
408,410,623,639,IRT,Lexington - Shuttle,Canal St,M,6,Subway,40.718803,-74.00019300000001,10013
409,411,622,640,IRT,Lexington - Shuttle,Brooklyn Bridge - City Hall,M,4 5 6,Subway,40.713065,-74.004131,10007
410,412,628,418,IRT,Lexington - Shuttle,Fulton St,M,4 5,Subway,40.710368,-74.009509,10038
411,413,413,419,IRT,Lexington - Shuttle,Wall St,M,4 5,Subway,40.707557,-74.011862,10003
412,414,414,420,IRT,Lexington - Shuttle,Bowling Green,M,4 5,Subway,40.704817,-74.014065,10003
413,415,620,423,IRT,Eastern Pky,Borough Hall,Bk,4 5,Subway,40.692403999999996,-73.990151,11201
414,416,416,201,IRT,Lenox - White Plains Rd,Wakefield - 241 St,Bx,2,Elevated,40.903125,-73.85061999999999,10470
415,417,417,204,IRT,Lenox - White Plains Rd,Nereid Av,Bx,2 5,Elevated,40.898379,-73.854376,10470
416,418,418,205,IRT,Lenox - White Plains Rd,233 St,Bx,2 5,Elevated,40.893193,-73.857473,10470
417,419,419,206,IRT,Lenox - White Plains Rd,225 St,Bx,2 5,Elevated,40.888022,-73.860341,10466
418,420,420,207,IRT,Lenox - White Plains Rd,219 St,Bx,2 5,Elevated,40.883895,-73.862633,10467
419,421,421,208,IRT,Lenox - White Plains Rd,Gun Hill Rd,Bx,2 5,Elevated,40.87785,-73.866256,10463
420,422,422,209,IRT,Lenox - White Plains Rd,Burke Av,Bx,2 5,Elevated,40.871356,-73.867164,10467
421,423,423,210,IRT,Lenox - White Plains Rd,Allerton Av,Bx,2 5,Elevated,40.865462,-73.867352,10467
422,424,424,211,IRT,Lenox - White Plains Rd,Pelham Pkwy,Bx,2 5,Elevated,40.857192,-73.867615,10462
423,425,425,212,IRT,Lenox - White Plains Rd,Bronx Park East,Bx,2 5,Elevated,40.848828000000005,-73.86845699999999,10462
424,426,426,213,IRT,Lenox - White Plains Rd,E 180 St,Bx,2 5,Elevated,40.841894,-73.873488,10460
425,427,427,214,IRT,Lenox - White Plains Rd,West Farms Sq - E Tremont Av,Bx,2 5,Elevated,40.840295000000005,-73.880049,10461
426,428,428,215,IRT,Lenox - White Plains Rd,174 St,Bx,2 5,Elevated,40.837288,-73.887734,10460
427,429,429,216,IRT,Lenox - White Plains Rd,Freeman St,Bx,2 5,Elevated,40.829993,-73.891865,10459
428,430,430,217,IRT,Lenox - White Plains Rd,Simpson St,Bx,2 5,Elevated,40.824073,-73.893064,10459
429,431,431,218,IRT,Lenox - White Plains Rd,Intervale Av,Bx,2 5,Elevated,40.822181,-73.896736,10459
430,432,432,219,IRT,Lenox - White Plains Rd,Prospect Av,Bx,2 5,Elevated,40.819585,-73.90177,10459
431,433,433,220,IRT,Lenox - White Plains Rd,Jackson Av,Bx,2 5,Elevated,40.81649,-73.90780699999999,10455
432,434,434,221,IRT,Lenox - White Plains Rd,3 Av - 149 St,Bx,2 5,Subway,40.816109000000004,-73.917757,10451
433,435,603,222,IRT,Lenox - White Plains Rd,149 St - Grand Concourse,Bx,2 5,Subway,40.81841,-73.92671800000001,10451
434,436,436,301,IRT,Lenox - White Plains Rd,Harlem - 148 St,M,3,Subway,40.823879999999996,-73.93647,10039
435,437,437,302,IRT,Lenox - White Plains Rd,145 St,M,3,Subway,40.820421,-73.936245,10039
436,438,438,224,IRT,Lenox - White Plains Rd,135 St,M,2 3,Subway,40.814229,-73.94077,10037
437,439,439,225,IRT,Lenox - White Plains Rd,125 St,M,2 3,Subway,40.807753999999996,-73.945495,10027
438,440,440,226,IRT,Lenox - White Plains Rd,116 St,M,2 3,Subway,40.802098,-73.949625,10026
439,441,441,227,IRT,Lenox - White Plains Rd,Central Park North (110 St),M,2 3,Subway,40.799075,-73.95182199999999,10026
440,442,442,501,IRT,Dyre Av,Eastchester - Dyre Av,Bx,5,At Grade,40.8883,-73.830834,10466
441,443,443,502,IRT,Dyre Av,Baychester Av,Bx,5,Open Cut,40.878663,-73.83859100000001,10469
442,444,444,503,IRT,Dyre Av,Gun Hill Rd,Bx,5,Open Cut,40.869526,-73.846384,10469
443,445,445,504,IRT,Dyre Av,Pelham Pkwy,Bx,5,Open Cut,40.858985,-73.85535899999999,10469
444,446,446,505,IRT,Dyre Av,Morris Park,Bx,5,Open Cut,40.854364000000004,-73.860495,10469
445,447,447,701,IRT,Flushing,Flushing - Main St,Q,7,Subway,40.7596,-73.83003000000001,11354
446,448,448,702,IRT,Flushing,Mets - Willets Point,Q,7,Elevated,40.754622,-73.845625,11368
447,449,449,705,IRT,Flushing,111 St,Q,7,Elevated,40.75173,-73.855334,11368
448,450,450,706,IRT,Flushing,103 St - Corona Plaza,Q,7,Elevated,40.749865,-73.8627,11368
449,451,451,707,IRT,Flushing,Junction Blvd,Q,7,Elevated,40.749145,-73.869527,11373
450,452,452,708,IRT,Flushing,90 St - Elmhurst Av,Q,7,Elevated,40.748408000000005,-73.876613,11372
451,453,453,709,IRT,Flushing,82 St - Jackson Hts,Q,7,Elevated,40.747659000000006,-73.883697,11372
452,454,616,710,IRT,Flushing,74 St - Broadway,Q,7,Elevated,40.746848,-73.89139399999999,11377
453,455,455,711,IRT,Flushing,69 St,Q,7,Elevated,40.746325,-73.896403,11377
454,456,456,712,IRT,Flushing,Woodside - 61 St,Q,7,Elevated,40.74563,-73.902984,11377
455,457,457,713,IRT,Flushing,52 St,Q,7,Elevated,40.744149,-73.912549,11377
456,458,458,714,IRT,Flushing,46 St,Q,7,Elevated,40.743132,-73.918435,11377
457,459,459,715,IRT,Flushing,40 St,Q,7,Elevated,40.743781,-73.92401600000001,11104
458,460,460,716,IRT,Flushing,33 St,Q,7,Elevated,40.744587,-73.93099699999999,11101
459,461,461,718,IRT,Flushing,Queensboro Plaza,Q,7 N W,Elevated,40.750582,-73.940202,11101
460,462,606,719,IRT,Flushing,Court Sq,Q,7,Elevated,40.747023,-73.945264,11101
461,463,463,720,IRT,Flushing,Hunters Point Av,Q,7,Subway,40.742216,-73.948916,11101
462,464,464,721,IRT,Flushing,Vernon Blvd - Jackson Av,Q,7,Subway,40.742626,-73.953581,11101
463,465,610,723,IRT,Flushing,Grand Central - 42 St,M,7,Subway,40.751431,-73.97604100000001,10017
464,466,609,724,IRT,Flushing,5 Av,M,7,Subway,40.753821,-73.98196300000001,10018
465,467,611,725,IRT,Flushing,Times Sq - 42 St,M,7,Subway,40.755477,-73.987691,10019
466,468,611,902,IRT,Lexington - Shuttle,Times Sq - 42 St,M,S,Subway,40.755983,-73.98622900000001,10036
467,469,610,901,IRT,Lexington - Shuttle,Grand Central - 42 St,M,S,Subway,40.752769,-73.979189,10017
468,471,471,726,IRT,Flushing,34 St - 11 Av,M,7,Subway,40.755882,-74.00191,10001
469,475,475,Q05,IND,Second Av,96 St,M,Q,Subway,40.784318,-73.947152,10029
470,476,476,Q04,IND,Second Av,86 St,M,Q,Subway,40.777891,-73.951787,10035
471,477,477,Q03,IND,Second Av,72 St,M,Q,Subway,40.768799,-73.958424,10021
472,501,501,S31,SIR,Staten Island,St George,SI,SIR,Open Cut,40.643747999999995,-74.073643,11209
473,502,502,S30,SIR,Staten Island,Tompkinsville,SI,SIR,At Grade,40.636949,-74.074835,10305
474,503,503,S29,SIR,Staten Island,Stapleton,SI,SIR,Elevated,40.627915,-74.075162,10304
475,504,504,S28,SIR,Staten Island,Clifton,SI,SIR,Elevated,40.621319,-74.071402,10304
476,505,505,S27,SIR,Staten Island,Grasmere,SI,SIR,Open Cut,40.603117,-74.084087,10304
477,506,506,S26,SIR,Staten Island,Old Town,SI,SIR,Embankment,40.596612,-74.08736800000001,10304
478,507,507,S25,SIR,Staten Island,Dongan Hills,SI,SIR,Embankment,40.588848999999996,-74.09609,10304
479,508,508,S24,SIR,Staten Island,Jefferson Av,SI,SIR,Embankment,40.583591,-74.103338,10306
480,509,509,S23,SIR,Staten Island,Grant City,SI,SIR,Open Cut,40.578965000000004,-74.10970400000001,10306
481,510,510,S22,SIR,Staten Island,New Dorp,SI,SIR,Open Cut,40.573479999999996,-74.11721,10306
482,511,511,S21,SIR,Staten Island,Oakwood Heights,SI,SIR,Open Cut,40.56511,-74.12631999999999,10306
483,512,512,S20,SIR,Staten Island,Bay Terrace,SI,SIR,Embankment,40.5564,-74.136907,10306
484,513,513,S19,SIR,Staten Island,Great Kills,SI,SIR,Open Cut,40.551231,-74.151399,10308
485,514,514,S18,SIR,Staten Island,Eltingville,SI,SIR,Embankment,40.544601,-74.16457,10312
486,515,515,S17,SIR,Staten Island,Annadale,SI,SIR,Open Cut,40.540459999999996,-74.178217,10312
487,516,516,S16,SIR,Staten Island,Huguenot,SI,SIR,Open Cut,40.533674,-74.19179399999999,10312
488,517,517,S15,SIR,Staten Island,Prince's Bay,SI,SIR,Open Cut,40.525507,-74.200064,10309
489,518,518,S14,SIR,Staten Island,Pleasant Plains,SI,SIR,Embankment,40.52241,-74.21784699999999,10309
490,519,519,S13,SIR,Staten Island,Richmond Valley,SI,SIR,Open Cut,40.519631,-74.229141,10309
491,522,522,S09,SIR,Staten Island,Tottenville,SI,SIR,At Grade,40.512764000000004,-74.251961,10307
492,523,523,S11,SIR,Staten Island,Arthur Kill,SI,SIR,At Grade,40.516578,-74.24209599999999,10307
